code,studio
01S,01_STUDIO P.I.
110S,110th Street Films
11V,ELEVEN VFX
123,123 Vision Pictures
210,"210 Films, LLC"
257M,25/7 Media
29P,Twenty-Nine Palms Entertainment - Production and distribution
36F,36 FILMS
3CAT,"TV3, 3Cat: Is the public TV from Catalonia (Spain)"
3DV,DEEP VISION 3D
3PIX,PIXCENTRAL
4PTS,4 PUNTOS
4TRS,CU4TRO:TR3S CINE
528,528 Evenings Media
83F,83 Filmes
9LE,9 LIGHT ENTERTAINMENT
A24,A24
AA,American Analog
AAA,AntiAntiArt
ABL,Abrelatas Films
ABLF,American Brightlight Film Productions
ABS,ABS-CBN International
ACA,Les Acacias
ACKP,ACKNOWLEDGE PICTURES
ACN,Across Nations
AD,ART DOYDU
ADDA,Audio Design Digital Art
ADHP,A Doll's House Pictures
ADS,ALLIANCE DIGITAL STUDIOS
AER,AN AER
AFG,ARCHANGEL FILM GROUP
AFLM,A. FILM PRODUCTION
AH1,A Higher Standard
AHS,Alpha Hollywood Studios
AI,"ATOMIC IMAGING, CHICAGO"
AIS,Alien Internet Services
AK,ALASTI KINO
ALIB,ALIBABA GROUP
ALKA,Alka Film
ALT,ALTIMETER FILMS
ALTI,Altitude Film Entertainment
AMBI,AMBI Media Group
AMBL,AMBLIN ENTERTAINMENT
AMGM,Amazon MGM Studios
AMK,AMK Films
AMP,Anima Mundi Productions
AMZN,Amazon Studios [deprecated]
ANF,Anatomica Films
ANG,Angel Studios
ANIM,ANIMASIA STUDIOS
ANML,Anime Limited
ANT,ANTAVIANA FILMS
AP,ANNAPURNA PICTURES
APC,Aurora Picture Company
API,ATTICUS PRODUCTIONS
APL,Apple
ARC,Arctic Life Film
ARCA,Arcadia Studios
ARCF,ARC Film
ARG,Argiréia Produções
ARP,ARP
ART,Arthouse Switzerland
ARTE,ARTE France Cinéma
ARWS,AIRWESS PRODUCTIONS
AS,ASTRO SHAW
ASA,"Artist Star Asia Co.,Ltd."
ASCT,Ascote Elite
ASSB,Astro Studios
AST,Aalto Studios
AT,Adrian Țofei
ATF,ASIA TROPICAL FILMS
ATLS,Atlas Studios
ATR,ATER studio
AV,Audiovisual Films
AVA,"AVALON DISTRIBUCIÓN AUDIOVISUAL, C.L."
AVAS,Avakian Studios
AVC,AV Club Film Productions
AVD,AV-DESIGN
AVE,The Avenue
AVM,Avanpost Media
AX,Axiom Studios
BA,Bundesarchiv
BAGL,BAGLAND
BAQ,Brush & Quill
BB,Bonde Brown
BBF,Bad Blood Films
BBI,Black Bear International
BEE,BEE Movies
BEL,Belga Films
BEMO,Beezal Mop FIlms
BEP,Bear Elegance Productions
BETA,Beta Fiction Spain
BF,BELARUSFILM
BFB,Brightfish Belgium
BFOX,Blue Fox Entertainment
BFP,Bolivar Films
BG,Basement Games
BGP,Blazing Griffin Pictures
BH,BLUMHOUSE PRODUCTIONS
BHF,Bighorn Films
BHS,BLACK HANGER STUDIOS
BIGW,Big World Cinema
BIL,Les Films du Bilboquet
BKF,Bourke
BKND,Blink Industries
BL,Bleat Post Production Ltd
BLDR,Blender Foundation
BLNK,BLANKTAPE
BMC,BLK MGC Content LLC
BMG,BUSCH MEDIA GROUP
BOS,BOSENA
BOY,Bannerboy AB
BPF,Big Picture Films
BPS,Blue Post
BPW,Bridge PostWorks
BRC,Broken Radiator Collective
BRI,Briarclif
BRM,BERRYMOUNT AUTOMATION
BRR,Bright Red Rocket
BRW,BREAKWATER STUDIOS
BS,BANTAM STREET
BSS,Bruton Stroube Studios
BST,Blair Stewart Films
BTP,Bandit Territory Productions
BV,Bertone Visuals
BVF,BigVisions
BWHW,Bollywood Hollywood Productions
CAF,Cafe Luna Films
CAMZ,Camera X
CB,Cuttingboard
CCC,COLUMBIA COLLEGE CHICAGO
CCIP,Chaos Cedar I Productions LLC
CDC,CDC UNITED NETWORK
CES,Censtudios
CF,CHALIA FILMS
CFD,Cinelab Film and Digital
CFP,Conformity Post
CFR,Cinéfrance Studios
CFSL,CAFETICO FILMS
CFV,CONSTANTIN FILM VERLEIH
CFZG,Croatia Film
CGG,Color Grade Geneva
CIN,Cinéart
CITY,CITY FILM LTD.
CJM,CINEJOY MOVIES GMBH [deprecated]
CJOY,CINEJOY MOVIES GMBH
CKM,Chai Khana Media
CL,CINEMALIVE
CLBI,C'est la bagarre ici
CLF,Cinelume Postproduction
CLR,Colour Studio
CLS,CINEMA LIBRE STUDIO
CMN,CINEMARAN
CMPX,Complexity
CNMX,Cineteca Nacional de México
CNPL,Cinematographer Pl
CNRA,CINERAMA
CO,Cordón Films
COA,COA Pictures
CON,Conic
COP,COLOSO POST STUDIO
CPLX,Cineplex Pictures
CPO,Coproduction Office
CPR,ColorPRO
CPSB,CURRENT PICTURES
CPXM,Cineplex Media
CRL,Carleton College
CRO,"CROMOSOMA, S.A."
CRV,CRISTIANA Video
CSC,Centro Sperimentale di Cinematografia
CTL,Cinetec Landfried GmbH
CTRL,CtrlMovie
CUP,cineUP
CY,Clan Yujo
CYM,Catch Your Moment
CYN,cynematics
CZN,Curzon Film
DA,Dreamworks
DAP,Peter Guyer doc&post
DBDK,DIGIBIO.DK
DCK,DCI KOMPETENZZENTRUM
DCRE,DCPReady
DCTV,DCTV
DDF,The National Film School of Denmark
DEFI,DELPHI FILMVERLEIH GMBH
DFI,Doha Film Institute
DFS,"DUALFILM, STUTTGART"
DFV,Der Filmverleih GmbH
DGM,Digitmovies Alternative Entertainment
DGWF,"Dogwolf, UK *No Registry request"
DI,Disney
DI3,A Divine Film
DIAP,Diaphana
DK,Le Dock Studio
DKM,Door Knocker Media
DLA,Disney Live Action
DLB,Dolby Laboratories
DMM,Digital Media Management
DNT,Donten & Lacroix Films
DOS,DANCE ON SCREEN
DP,DreamPost Productions
DS,Dark Star
DSP,Different Swing Pictures
DSTR,Destornillador Producciones
DV8,DON CRUCIFIXTO
DVF,DUAL V FILMS
DWF,deepwater films
E765,Extension 765e
EAG,EAGLE PICTURES
EC,EuropaCorp
EDEL,EDEL GERMANY GMBH
EDEN,Eden Studios Australia
EDF,Early Day Films
EDO,El Dedo en el Ojo S.L.
EF,Emergence Films (Emergence Media Ltd)
EFS,Eight Flow Studio
EL,Eladia
ELA,ELAMEDIA
ELAS,ELASTICA FILMS
ELO,ELO FILM SCHOOL HELSINKI
EMB,Emblem Pictures
EML,Elanti Media
EONE,eOne
EP,ELEVATION PICTURES
EPDP,Echo Park DCP
EQF,EQUINOXE FILMS
ERP,EtienneProd
ESP,Esprit Film and Television Limited
EUT,Eutopiafilm
EVDN,Erik van der Neut
EXC,THE EXCHANGE
EYW,eyewerk GmbH
F1J,Les Films d'un Jour
F4F,Foton4 Film
FAN,Fandango Productions
FAND,Fandor/Cinedigm Corp.
FAS,Faustian Productions
FB,FILM BILDER
FC,Flying Cloud Productions Inc.
FCD,Filmcando Productions
FCZ,Filmcoopi Zürich AG
FDP,Flor de Papel
FE,Fathom Entertainment
FF,FOCUS FEATURES
FFE,Film Factory Entertainment
FFF,Felix Fahle Film
FFM,Films de Force Majeure
FFP,Fully Focused Productions
FG,FEEL GOOD ENTERTAINMENT
FGE,Feel Good Events
FGSC,Feirstein Graduate School of Cinema
FHDO,FACHHOCHSCHULE DORTMUND
FIN,FINAS PRODUCTIONS
FINK,Film Ink
FITT,Fittonia Films
FMM,FILMMUSEUM MÜNCHEN
FMP,Flying Monkeys Production
FN,Film Nation
FORT,Fortuitous Films
FOS,Les Films de l'oeil sauvage
FPSG,Feng Production & Supergloo
FRA,François Roussillon et Associés
FRE,FRENETIC FILMS
FRPP,Pigouille Prod
FRSP,FreeSpirit Pictures
FSFE,Free Software Foundation Europe
FTC,Fotocinema
FTS,Fregatter Studio
FU,SOFT Falmouth University UK
FUB,Film University Babelsberg
FV,Fractured Visions
FW,FOCUS WORLD
FX,FOX SEARCHLIGHT
FXS,Fox Star
FYF,Firefly Films
FYM,Free Your Mind
FZ,FRENZI FILMS
GA,Gaumont
GAL,GALATÉE FILMS
GAME,Game Theory Films
GAP,G.A.P. Entertainment
GB,GRAND BRILLIANCE
GBK,Gebeka Films
GCS,Garage Creative Studios
GD,Goldove Entertainment
GDFF,Gdansk DocFilm Festival
GDH,GDH 559 Company Limited
GDN1,Guardian Documentaries
GF,German Films Service + Marketing GmbH
GKID,"GKIDS, Inc."
GMF,Goosemango Films
GMS,Global Media Studios
GP,Goldaline Productions
GPI,"GOLAN STUDIOS, CHICAGO"
GR,GRAMERCY PICTURES
GRU,Les Cinémas du Grütli
GSA,"GS ANIMATION Sp. z o.o., GRUPA SMACZNEGO SP.K."
GSDP,GSDP Soluciones S.A.S. de C.V.
GSF,Gdynia Film School
GSM,Grande Studios Mexico
GTF,Golden Touch Film
GUMP,Gump Post-Production
GYF,Guanyu Film
H18,Hangar 18 Media
H2O,h2o cinema&video
HBO,Home Box Office
HBP,Hourback Pictures
HDM,Hochschule der Medien Stuttgart
HF,HEIMATFILM
HFF,HFF KONRAD WOLF [deprecated]
HFFM,HFF München (Hochschule für Fernsehen und Film München)
HFG,Highland Film Group
HHM,HansenHouse Media LLC
HHP,Happy Hour Productions
HIST,Histeria Filmes
HMEG,Humanity Media & Entertainment Group
HOJA,Hoja
HOOD,Hood River Entertainment
HOOK,STUDIO HOOK
HSAL,Homesick Angel Ltd
HSLU,HOCHSCHULE LUZERN
HULU,Hulu
HVK,HVK
HWY,HanWay Films
HYST,HYST Films
IBF,Ironbound Films
ICON,ICON ENTERTAINMENT
ICRL,Iconic Events Releasing
ICS,ICON Creative Studio
IFC,IFC FILMS
IFI,Italia Film International
IFS,IFS INTERNATIONALE FILMSCHULE KÖLN GMBH
IH,Iron Horse Motion Picture Studios
IKR,Vasilisa Ikryannikova
ILM,Industrial Light & Magic
ILP,INNERLENS PRODUCTIONS
IMF,Intermission Film
IMG,IMAGINASTUDIO
IMO,INFINATE MOTION
IMPC,Insightmedia Producer Center
IMPR,Imprudencia
INCN,incine
IND,INDEPENDENT PICTURES
INDI,Unspecified Independent Film Studio
IPX,Industry Pictures
IRL,irlad network
IRP,INFINITY ROAD PICTURES
IRU,IRUSOIN
ITNM,I Was Told There Would Be No Math
IY,Inter Yapım
JAG,JAGUAR FILMS PRODUCTIONS
JAKE,Jacob's Art and Kinetic Entertainment Productions
JAL,Muscular Puppy
JAN,Janus
JC,JC Film Consultancy Ltd
JCUT,Jump Cut
JF,June Films
JOMA,JOMA FILMS
JOP,JOlie PROD Studio
JPAS,Jack Parry Animation Studios Pty Ltd
JRM,Joli Rideau Media
JTM,July Third Media
JUFI,Jules et Films
JWE,Journeywork Entertainment
JZL,Justin Lai Studios LLC
K2A,K2 Studios Australia
KAOE,Kao Entertainment
KB,Kino Bino
KCDC,Kaerucafe Digital Cinema Circus
KCP,KINO CYFROWE
KF44,Karen Faurie
KFD,Kinepolis
KFLM,K FILMS
KFM,Keyframe Servicios Audiovisuales
KHH,Kinemathek Hamburg
KHM,KUNSTHOCHSCHULE FÜR MEDIEN
KIN,Kinology
KIP,KINO-I PICTURES
KIS,Kismet
KMP,Kominek Motion Pictures
KO,Kasey Oldford
KPM,KapengMukha
KTT,Kill The Tape
LA,LOCAL ACQUISITION
LANT,Lantern Entertainment
LAP,Laundrymen Productions
LC,Laboratório Cisco
LCF,LIGHTCUT FILM
LCL,LORENZO Colorlab
LCP,Lucky Cat Post Production
LDOS,Leidos
LEG,LEGENDE DISTRIBUTION
LEO,LEONINE Distribution GmbH
LF,LESTERFILM
LFLM,Lucasfilm Ltd.
LG,La Gaveta Producciones SL
LIFT,Liaison of Independent Filmmakers of Toronto (LIFT)
LION,LIONS GATE
LITV,LITVINSIGHT PRODUCTIONS
LKA,LAIKA
LMNA,Lucas Museum of Narrative Art
LN36,LINE 36 STUDIO
LNRF,LNR Films
LOC,LOCOMOTIVE PRODUCTIONS (LATVIA)
LOK,LOOKNOW
LOMO,LOMOTION AG
LP,LEGENDARY PICTURES
LSA,London Screen Academy
LSNP,La Sombra Negra Producciones
LSR,"LASERFILM CINE Y VÍDEO, SL"
LUC,LUCIERNAGA Color Grading
LUP,Lupus Films
LVLF,Level Films
LVT,LVT
M5,Mesa5 Producciones
MAD,Madman Entertainment
MAJ,Majestic Filmverleih GmbH
MAM,Moving Adventures Medien GmbH
MARS,Mars Films
MAX,MAXIWORKS PRODUCTIONS
MB,Moonbug Entertainment
MBF,MovieBiz Films
MBFC,Mockingbird Film Co
MC,Mindy Cook Film
MCO,MovieCompany BV
MCPF,Mechanimal Productions
MCR,Millennium Cinematografica Studios
MCS,MICMUSS FILM ENTERTAINMENT
MDN,Madness entertainment
MDP,Master of Darkness Productions
MET,Metropolitan Film
MFBR,Migranta Films
MFES,Migranta Films ES
MFF,MacGillivray Freeman Films
MFP,Macfunky Productions
MH,MILKHAUS
MI,METRO INTERNATIONAL
MIDS,MIDIM Studios
MIM,MALAKOFF IMAGES
MINT,Mint Films
MIST,Mist Post-production
MJP,Max Jacobs Productions
MLS,Magenta Light Studios
MM,Millennium Media
MMG,MOMOTION GMBH
MMP,MAGNA MANA PRODUCTION
MNS,Mercenar Studios
MODE,Moede Recordings
MOM,MOMENTUM PICTURES
MON,Mongrel Media Inc
MOP,MODO OPERANTE PRODUCOES
MOTL,Motlys
MP,Magnolia Pictures
MPEG,Mission Partners Entertainment Group
MRMX,MIRAMAX
MRS,Mole Rat Studios
MRT,Mill Road Technology
MRTY,Marty Studio
MRV,Marvel Studios
MRX,Monarex Hollywood
MSLW,Maslow Entertainment
MSVP,MYSTIC STUDIOS & VINAYAK PRODUCTIONS
MTIM,MT IMAGINE
MU,MUBI Releases
MUCH,Mucho Mas Media
MWC,My World Creates University of Bristol
MZB,MUZEBAT Media
MZTR,FILMCENTER TRIANON
NBCN,NBC News Studios
NDG,NDG Studios
NEON,Neon
NEOP,NEOPA Inc.
NEPO,Neopol Film
NET,NETFLIX
NFFS,Neue Filmkunst
NFI,National Film Institute Filmlab
NHK,NHK - Japan Broadcasting Corporation
NIM,NIMIC PRODUCTIONS
NITR,Nitrous Ltd
NLTS,Northern Lights
NNF,Neramitnung Film
NOAH,Noah Media Group
NOL,NOLITA
NOR,Nordalis Films
NP,Niche Productions
NRG,Narang
NRTV,neurotiK
NS,NORRIS STUDIOS
NT,NEW LINE
NTL,National Theatre Live
NTS,notsold GmbH
NU,Northwestern Student Films
NXO,Nexo Digital
O2,O2 FILMES
OBR,O'Brother
OCTP,Octopuce Production
ODC,Outpost Digital Cinema
OHA,Ohana Prod
OJO,Ojoreja films
ONE,ONE FILMVERLEIH
OPA,Les Films Opale
ORA,Orange Studio
ORAW,orawa production
ORCA,Orca Cove Media
ORG,"Oceanic Research Group, Inc."
ORP,Otter Ridge Pictures
OSCP,OSCILLOSCOPE LABORATORIES
OTA,FOX ATOMIC
OTL,OTL Releasing
OVS,Other Vision Studios
OVSP,OVERSPIL (DK)
PAFF,Palestine Arts Film Festival
PAT,PATHE DISTRIBUTION
PATP,Paterson-Pictures AG
PBS,Punit Balan Studios
PC,Paramount
PCK,PEACOCK FILM Schweiz
PEAK,PEAK MEDIA
PEG,Parkchester Entertainment Group
PFL,PRIMEFOCUS LIMITED
PICH,PICTUREHOUSE
PIF,PIFFL MEDIEN
PINK,Pink Apple Film Festival
PL,Pathé Live
PLAY,The Playmaker Munich
PLNK,Plank Film
PM,Participant Media
PMF,Productora Multimedia Flash
POLO,POLO FILM (DK)
PP,Plaion Pictures GmbH
PREN,Precision Entertainment
PRIN,Princess Pictures
PRKC,Park Circus
PRL,PRL STUDIO
PRSM,Persephone Media
PSP,Paper Street Pictures
PSR,Paolo Sodi
PSS,PRETTY SWEET
PTP,"Paper Tree Pictures, LLC"
PURS,Pursuit Films
PUSH,Push Pictures
PV,Paramount Vantage
PW,PRIMEWORKS
PWB,Photographers Without Borders
PWE,Parkwood Entertainment
PWSF,"The Polish National Film, Television and Theatre School in Lodz"
PXR,Pixar Animation Studios
PYR,Pyramide Films
PYRA,Pyramide Films
QNT,Quanta
R29,REFINERY29
RA,Roadside Attractions
RAM,RAM ENTERTAINMENT
RBMH,Red Bull Media House
RDF,Red Diamond Film
REC,RECYCLED TV
RED,RED COMMUNICATIONS
RED7,Red 7 Productions
REJ,REJBEL.STUDIO
REL,IM GLOBAL
RF,RAIN FILMS
RFY,roses for you film
RHF,Red House Films
RIAL,Rialto Distribution
RIT,"RITCS (Royal Institute for Theatre, Cinema and Sound)"
RLB,REDLAB INC.
RLD,REALD
RMF,Production and distribution company
RMS,Serriniverse Productions
ROC,ROCK THE FILM
RP,ROGUE PICTURES
RRSL,Render Social
RSN,REASON8 Films
RSO,Royal Swedish Opera
RSS,RED SKY STUDIOS
RTA,RELITA
RTC,Rita Cine
RVS,Roberto Vivancos Studio
S4U,BGProjets Sub4u
SA,SCREEN ATTRACTIONS
SABL,Saidam Baryl
SAF,SIERRA/AFFINITY
SB,SHOWBOX
SBF,SOAPBOX FILMS
SBLV,STUDIO BELLEVILLE
SBN,Saban
SC,STUDIOCANAL
SCF,Supercoat Film
SCFI,Surto Coletivo Filmes
SCHW,Schweizer Video - Schweizer AG
SCS,Single Core Studios
SDC,She Dreams Content Development and Production LLC
SDM,Skydance Media
SEV,Seville International
SF,SakhaFilm
SFFG,Andy Beans Productions
SFI,Swedish Film Institute
SFM,silkframe media
SFS,SF Studios
SFZ,Studio Filmiz
SKOP,SKOP PRODUCTIONS
SKT,SKT INTERNATIONAL
SKY,Sky Studios
SLB,Warriors Entertainment
SLP,Searchlight Pictures
SLV,Selectavision
SM,SUHAN MOVIES
SME,Sony Music Entertainment
SMTS,"SMTS Media, LLC."
SND,Société nouvelle de distribution
SNP,Shoot'n'Post
SOLS,Solstice Studios
SOMA,SOMAFILM
SOP,Soul Productions
SP,Screen Project
SPC,SONY PICTURES CLASSICS
SPE,SONY PICTURES ENTERTAINMENT
SPF,Sacred Pact Films
SPL,Suitable Pictures
SPNC,Studio Ponoc - Tokyo
SPOO,Spoon Productions
SPOT,SPOT ON DISTRIBUTION
SPP,Scenes Plus Productions
SPRK,Sparke Films
SPTH,Spinning Path
SRM,Side Road Media
SS,SHINESAENG AD. VENTURE
SSD,Snowstorm Films
SSM,Salem Social Media
ST10,Studio 10 Filmes
STER,Scott Sterling Color
STIN,STOUTLIGHT INCORPORATED
STIV,STAR INVEST FLMS FRANCE
STKA,Studio Kalliope
STM,"Susan Tuckett Media, Inc."
STOR,Stories AG
STX,STX ENTERTAINMENT
SUM,SUMMIT ENTERTAINMENT
SUNB,Sunbofilm
SUPE,Supermouche Productions
SVM,Screenvision Media
SWF,Swastika Films
SWTA,Swatara Media
SYN,Synesthesia Collective Independent
SZS,Storia Senza Storia
T0J0,Tercer Ojo
T25P,TAKE 25 PICTURES
T3W,T3w Tecnologia
TAI,Taiji Xia Pictures
TAM,Tamasa Distribution
TAMA,Cine Tamaris
TB,True Brit Entertainment
TBF,The Biscuit Factory
TCF,20th Century Fox
TCP,The Chimney Pot
TCS,20th Century Studios
TDFC,Te Digital Factory Ltd.
TENC,Tencent Pictures
TES,Tesela Cine Lab
TF1,TF1 Studio
TFL,Theo Films LLC
TFLM,The Finish Line Media LTD
TFR,Trafalgar Entertainment
TGF,Ted Green Films
TK,TECNOKENA
TMF,The Match Factory
TMN,Transmission Films
TMP,Trino Motion Pictures
TOB,Tobis Film GmbH
TORA,Projeto de extensão da ECO – UFRJ
TRCL,TREACLE LIMITED (HK)
TRCO,The Reset Collective
TRE,Trench Enertainment
TRF,Terrier Films
TRIG,TRIGON-FILM
TROP,Tropisme
TSP,Taylor Swift Productions
TSS,The Solid State
TTP,TTPixel Studio
TUNA,Cartuna
TVC,TVCO
TVF,Transversal Films
TWN,Third World Newsreel
TXL,TXL Films
TXT,Texture Films
UFOH,UFOH! AS
UGC,UGC
UIG,UIGIG ENTERTAINMENT (SPAIN)
UMBE,Umbrella Entertainment
UP,UNIVERSAL PICTURES
UPI,UNION PICTURES
UPPA,UPPALO Films
URF,ULTIMARATIOFILM
URT,Urtext Film Productions
UTM,U2 MEDIA
UTOP,Utopia
UTV,Unveil Studios
VAR,Variance Films
VE,Village Entertainment
VER,VERACITY PRODUCTIONS
VERT,Vertical Entertainment
VES,VESTRON PICTURES
VEX,VIRTUAL EXPERIENCE
VF,Visit Films
VFS,VFS FILMS
VFX,viennaFX postproduction
VHE,Van Hoorne Entertainment
VIC,VICTORY STUDIOS
VIE,viennaFX postproduction [deprecated]
VOLT,Voltage Pictures
VPP,Vita Pictura
VPS,Videopress Greece
VRL,Vertigo Releasing
VSV,Vasava
VVS,VVS Films
WAG,Walk Among Giants
WBX,Wibix
WBXS,White Box Studio srl
WC,WEINSTEIN CO.
WDAS,Walt Disney Animation Studios
WID,WIDNO TV
WIL,Wildcard Pictures Corp.
WILL,WILL PRODUCTION
WIX,WIndiExpression
WK,Weltkino Filmverleih
WLDS,WORLDS
WR,WARNER BROS.
WSND,WildSound Festival
WSP,Wind & Sky Productions Pty Ltd
XM,MGM [deprecated]
XPO,XPOST Studios
XVS,Axel Vasquez Studios
XYZF,XYZ Films
YNS,Yns Film
ZB,Zenga Bros
ZBE,Zombie Studio
ZF,Ustanova Zagreb film
ZHDK,ZÜRCHER HOCHSCHULE DER KÜNSTE
ZM,ZOOM-ENTERTAINMENT
ZOOM,ZOOM
ZW,AlaZWorks
