pin,code,measured_on,method,tolerance_unit,default_tolerance_milli,breaks_first_on,honest_limit
light-direction,PIN-LD,"last frame of A, first frame of B","dominant-gradient direction of the luminance channel, quantised to 16 sectors",sectors,63,"a carry through a camera move that swings past the key",Measures where light appears to come from in the frame. A scene genuinely lit from two sides has no dominant direction and the measure is meaningless there.
time-of-day,PIN-TOD,"last frame of A, first frame of B","mean colour temperature and mean luminance, both in thousandths of their declared range",ratio,80,"a reframe across a long chain, where drift accumulates below the per-link threshold",Cumulative drift is the failure this measure is worst at. Each link passes and the twentieth frame is a different afternoon.
wardrobe,PIN-WD,"last frame of A, first frame of B","dominant colour of the subject-region mask, CIEDE2000",delta-E,50,"any seam longer than two nodes from the anchor","Requires a subject mask. Where segmentation fails the pin reports a pass it did not earn, which is the worst failure mode a pin can have."
lens,PIN-LN,"last frame of A, first frame of B","apparent field of view from vanishing-point spacing; background blur radius",ratio,100,"a reframe, which is allowed to change framing but not glass",Estimating focal length from a single frame is weak. Stated as a ratio between the two sides rather than an absolute, because the comparison is more reliable than either measurement.
subject-scale,PIN-SC,"last frame of A, first frame of B","subject bounding-box height as a fraction of frame height",ratio,120,"OTS and other relational framings, where two figures must hold their relative positions",Not applicable across a REFRAME by construction — a reframe that could not change subject scale would be a carry.
background-geometry,PIN-BG,"last frame of A, first frame of B","line-segment histogram over the non-subject region, earth-mover distance",ratio,150,"a carry through a truck or orbit, where the built world must rotate coherently","The measure cannot distinguish a world that rearranged from a camera that moved further than declared. It detects that something is wrong, not which."
subject-identity,PIN-ID,"last frame of A, first frame of B","face or character embedding distance, engine-declared model",ratio,90,"a hold across three or more nodes — identity drift is the signature failure of long generative chains","GENERATIVE-SPECIFIC. No prior era needed this pin, because no prior era could lose an actor between two frames of one take. The embedding model must be named in the seam, because a distance is meaningless without it."
grain-and-grade,PIN-GG,"last frame of A, first frame of B","noise-power spectrum slope, and the three-point luma curve",ratio,70,"a HOLD where the seed was reseeded rather than continued","GENERATIVE-SPECIFIC. Photochemical grain was stochastic and unaddressable; generated grain has a seed, so it can change mid-take and must be pinned when it must not."
match-invariant,PIN-MI,"last frame of A, first frame of B","the invariant named in the seam — one of shape-mask-IoU, motion-vector-angle, or dominant-hue",declared,200,"a MATCH seam whose author had an idea rather than a measurement","Only meaningful for the MATCH class, where it is mandatory. The tolerance is deliberately loose: a match cut is a perceptual effect, and a tight numeric threshold would refuse cuts that work."
